<ImportExportXml xmlns:xsi="http://www.w3.org/2001/XMLSchema-instance" OrganizationVersion="9.2.25052.192" OrganizationSchemaType="Standard" CRMServerServiceabilityVersion="9.2.25052.00192">
  <Entities></Entities>
  <Roles></Roles>
  <Workflows></Workflows>
  <FieldSecurityProfiles></FieldSecurityProfiles>
  <Templates />
  <EntityMaps />
  <EntityRelationships />
  <OrganizationSettings />
  <optionsets />
  <CustomControls />
  <EntityDataProviders />
  <CanvasApps>
    <CanvasApp>
      <Name>cr1ae_assetsmanagement_4ab05</Name>
      <AppVersion>2025-06-02T14:11:51Z</AppVersion>
      <Status>Ready</Status>
      <CreatedByClientVersion>3.25053.6.0</CreatedByClientVersion>
      <MinClientVersion>3.25053.6.0</MinClientVersion>
      <Tags>{"primaryDeviceWidth":"1366","primaryDeviceHeight":"768","supportsPortrait":"false","supportsLandscape":"true","primaryFormFactor":"Tablet","showStatusBar":"false","publisherVersion":"3.25053.6","minimumRequiredApiVersion":"2.2.0","hasComponent":"false","hasUnlockedComponent":"false","isUnifiedRootApp":"false","sienaVersion":"20250602T140858Z-3.25053.6.0"}</Tags>
      <IsCdsUpgraded>0</IsCdsUpgraded>
      <GalleryItemId xsi:nil="true"></GalleryItemId>
      <BackgroundColor>RGBA(0,176,240,1)</BackgroundColor>
      <DisplayName>AssetsManagement</DisplayName>
      <Description xsi:nil="true"></Description>
      <CommitMessage xsi:nil="true"></CommitMessage>
      <Publisher xsi:nil="true"></Publisher>
      <AuthorizationReferences>[]</AuthorizationReferences>
      <ConnectionReferences>{"573e0532-d04f-4d0c-a852-bca8330d9c9e":{"id":"/providers/microsoft.powerapps/apis/shared_sharepointonline","displayName":"SharePoint","iconUri":"https://conn-afd-prod-endpoint-bmc9bqahasf3grgk.b01.azurefd.net/releases/v1.0.1746/1.0.1746.4174/sharepointonline/icon.png","dataSources":["環境変数Assets","環境変数UsageStatus"],"dependencies":[],"dependents":[],"parameterHints":{},"parameterHintsV2":{},"isOnPremiseConnection":false,"bypassConsent":false,"dataSets":{"https://rnmgy.sharepoint.com/sites/powerclub/_cr1ae_SPOSite":{"datasetOverride":{"name":"https://rnmgy.sharepoint.com/sites/powerclub/","environmentVariableName":"cr1ae_SPOSite"},"dataSources":{"環境変数Assets":{"tableName":"b2d0efc4-5989-4c8a-acb5-0e5eacc4544e","tableNameOverride":{"name":"b2d0efc4-5989-4c8a-acb5-0e5eacc4544e","environmentVariableName":"cr1ae_Assets"}},"環境変数UsageStatus":{"tableName":"4b3f434e-cfb9-4352-a3c5-fb63a7eef611","tableNameOverride":{"name":"4b3f434e-cfb9-4352-a3c5-fb63a7eef611","environmentVariableName":"cr1ae_UsageStatus"}}}}},"apiTier":"Standard","actions":["providers/PowerPlatform.Governance/Operations/Read","providers/PowerPlatform.Governance/Operations/Write","providers/PowerPlatform.Governance/Operations/Delete"]}}</ConnectionReferences>
      <DatabaseReferences>{}</DatabaseReferences>
      <AppComponents>[]</AppComponents>
      <AppComponentDependencies>[]</AppComponentDependencies>
      <CanConsumeAppPass>1</CanConsumeAppPass>
      <CanvasAppType>0</CanvasAppType>
      <BypassConsent>0</BypassConsent>
      <AdminControlBypassConsent>0</AdminControlBypassConsent>
      <EmbeddedApp xsi:nil="true"></EmbeddedApp>
      <IntroducedVersion>1.0</IntroducedVersion>
      <CdsDependencies>{"cdsdependencies":[{"logicalname":"cr1ae_SPOSite","componenttype":380,"componenttypeplatformname":"EnvironmentVariableDefinition"},{"logicalname":"cr1ae_Assets","componenttype":380,"componenttypeplatformname":"EnvironmentVariableDefinition"},{"logicalname":"cr1ae_UsageStatus","componenttype":380,"componenttypeplatformname":"EnvironmentVariableDefinition"}]}</CdsDependencies>
      <IsCustomizable>1</IsCustomizable>
      <BackgroundImageUri>/CanvasApps/cr1ae_assetsmanagement_4ab05_BackgroundImageUri</BackgroundImageUri>
      <DocumentUri>/CanvasApps/cr1ae_assetsmanagement_4ab05_DocumentUri.msapp</DocumentUri>
      <AdditionalUris>
        <AdditionalUri>/CanvasApps/cr1ae_assetsmanagement_4ab05_AdditionalUris0_identity.json</AdditionalUri>
      </AdditionalUris>
    </CanvasApp>
  </CanvasApps>
  <Languages>
    <Language>1041</Language>
  </Languages>
</ImportExportXml>